{"name":"c6abd0bc-de95-4d4c-97d8-e44857b1cf47","id":"/providers/Microsoft.Flow/flows/c6abd0bc-de95-4d4c-97d8-e44857b1cf47","type":"Microsoft.Flow/flows","properties":{"apiId":"/providers/Microsoft.PowerApps/apis/shared_logicflows","displayName":"Feedback Analysis","definition":{"metadata":{"workflowEntityId":null,"processAdvisorMetadata":null,"flowChargedByPaygo":null,"flowclientsuspensionreason":"None","flowclientsuspensiontime":null,"flowclientsuspensionreasondetails":null,"creator":{"id":"a3f925c7-856a-4842-97ab-55c6942233d8","type":"User","tenantId":"18099e4f-4a29-4326-9e43-6de5e57b056f"},"provisioningMethod":"FromDefinition","failureAlertSubscription":true,"clientLastModifiedTime":"2025-10-04T08:33:01.8682791Z","connectionKeySavedTimeKey":"2025-10-04T08:33:01.8682791Z","creationSource":"Portal","modifiedSources":"Portal"},"$schema":"https://schema.management.azure.com/providers/Microsoft.Logic/schemas/2016-06-01/workflowdefinition.json#","contentVersion":"undefined","parameters":{"$authentication":{"defaultValue":{},"type":"SecureObject"},"$connections":{"defaultValue":{},"type":"Object"}},"triggers":{"When_an_item_is_created":{"recurrence":{"frequency":"Minute","interval":5},"splitOn":"@triggerOutputs()?['body/value']","metadata":{"operationMetadataId":"b2bd22d6-57e5-4293-93ae-405b0439ee49"},"type":"OpenApiConnection","inputs":{"parameters":{"dataset":"https://powerprojects94.sharepoint.com/sites/Feedback","table":"b747b0c5-078f-4adc-8a2e-2ff11cf4a5aa"},"host":{"apiId":"/providers/Microsoft.PowerApps/apis/shared_sharepointonline","connectionName":"shared_sharepointonline","operationId":"GetOnNewItems"},"authentication":"@parameters('$authentication')"}}},"actions":{"Update_item":{"runAfter":{"Predict":["Succeeded"]},"metadata":{"operationMetadataId":"9de20d50-7b07-40c5-a56b-5ee67b7db9e4"},"type":"OpenApiConnection","inputs":{"parameters":{"dataset":"https://powerprojects94.sharepoint.com/sites/Feedback","table":"b747b0c5-078f-4adc-8a2e-2ff11cf4a5aa","id":"@triggerBody()?['ID']","item/Sentiments/Value":"@outputs('Predict')?['body/responsev2/predictionOutput/text']"},"host":{"apiId":"/providers/Microsoft.PowerApps/apis/shared_sharepointonline","connectionName":"shared_sharepointonline","operationId":"PatchItem"},"authentication":"@parameters('$authentication')"}},"Condition":{"actions":{"Send_an_email_(V2)_2":{"type":"OpenApiConnection","inputs":{"parameters":{"emailMessage/To":"@outputs('Update_item')?['body/Email']","emailMessage/Subject":"@if(equals(outputs('Update_item')?['body/Sentiments/Value'], 'Positive'), 'Thank you for your feedback!', 'Thanks for sharing your thought')","emailMessage/Body":"<p class=\"editor-paragraph\">Hi @{outputs('Update_item')?['body/Title']},<br><br>@{if(equals(outputs('Update_item')?['body/Sentiments/Value'], 'Positive'), 'We appreciate your positive feedback on our service. Your support motivates us to do better!', 'Thank you for sharing your feedback. We value your input and will keep improving.')}<br><br>Regards,<br>Team</p>","emailMessage/Importance":"Normal"},"host":{"apiId":"/providers/Microsoft.PowerApps/apis/shared_outlook","connectionName":"shared_outlook","operationId":"SendEmailV2"},"authentication":"@parameters('$authentication')"}}},"runAfter":{"Update_item":["Succeeded"]},"else":{"actions":{"Send_an_email_(V2)":{"type":"OpenApiConnection","inputs":{"parameters":{"emailMessage/To":"@outputs('Update_item')?['body/Email']","emailMessage/Subject":"We are sorry for your experience","emailMessage/Body":"<p class=\"editor-paragraph\">Hi @{outputs('Update_item')?['body/Title']},<br><br>We’re sorry to hear about your experience. Our support team will review your concern and get back to you soon.<br><br>Regards,<br>Support Team</p><br>","emailMessage/Importance":"Normal"},"host":{"apiId":"/providers/Microsoft.PowerApps/apis/shared_outlook","connectionName":"shared_outlook","operationId":"SendEmailV2"},"authentication":"@parameters('$authentication')"}}}},"expression":{"or":[{"equals":["@outputs('Update_item')?['body/Sentiments/Value']","Positive"]},{"equals":["@outputs('Update_item')?['body/Sentiments/Value']","Neutral"]}]},"metadata":{"operationMetadataId":"c974f094-32c9-4431-8cef-f8d232ebb081"},"type":"If"},"Predict":{"runAfter":{},"metadata":{"flowSystemMetadata":{"portalOperationId":"aibuilderpredict","portalOperationGroup":"aibuilder","portalOperationApiDisplayNameOverride":"AI Builder","portalOperationIconOverride":"https://content.powerapps.com/resource/makerx/static/pauto/images/designeroperations/aiBuilderNew.51dbdb6b.png","portalOperationBrandColorOverride":"#0A76C4","portalOperationApiTierOverride":"Standard"},"operationMetadataId":"70e4871c-73a5-41ea-abf2-107b32596769"},"type":"OpenApiConnection","inputs":{"parameters":{"recordId":"b9b636cf-9748-47a7-b617-6df5f00f5151","item/requestv2/inputText":"Evaluate the sentiment of the given @{triggerBody()?['Feedback']}, taking into account its emotional tone, subtle language cues, and cultural or contextual factors. Classify the tone of the text into the categories 'positive', 'negative', or 'neutral'. Look for sarcasm, emoticons, or specialized terminology that could affect the sentiment reading. In cases of mixed emotions, identify the most dominant sentiment. Analyze neutral phrases that may have positive or negative undertones, and gauge the message's urgency or significance. Your response may only be one word and should capitalize the first letter. Do NOT add any other explanations."},"host":{"apiId":"/providers/Microsoft.PowerApps/apis/shared_commondataserviceforapps","connectionName":"shared_commondataserviceforapps","operationId":"aibuilderpredict"},"authentication":"@parameters('$authentication')"}}}},"connectionReferences":{"shared_sharepointonline":{"connectionName":"c5024e2d88174904aa55954b098f112a","source":"Embedded","id":"/providers/Microsoft.PowerApps/apis/shared_sharepointonline","tier":"NotSpecified","apiName":"sharepointonline","isProcessSimpleApiReferenceConversionAlreadyDone":false},"shared_outlook":{"connectionName":"shared-outlook-1bf431bd-2dcf-474e-9b54-16f0c1b726e3","source":"Embedded","id":"/providers/Microsoft.PowerApps/apis/shared_outlook","tier":"NotSpecified","apiName":"outlook","isProcessSimpleApiReferenceConversionAlreadyDone":false},"shared_commondataserviceforapps":{"connectionName":"shared-commondataser-6726f3ac-d369-4ca2-9754-0bbd44e40bff","source":"Embedded","id":"/providers/Microsoft.PowerApps/apis/shared_commondataserviceforapps","tier":"NotSpecified","apiName":"commondataserviceforapps","isProcessSimpleApiReferenceConversionAlreadyDone":false}},"flowFailureAlertSubscribed":false,"isManaged":false}}